CD_CLIENTE;CLUSTER_TELEMETRIA
T00053;3
T00082;3
T00145;0
T00245;0
T00255;2
T00336;0
T00390;0
T00538;2
T00546;2
T00631;4
T00673;0
T00686;3
T00737;0
T00788;2
T00971;0
T01008;0
T01060;2
T01085;2
T01104;2
T01127;0
T01134;2
T01173;0
T01205;0
T01254;3
T01259;0
T01351;0
T01356;0
T01384;0
T01436;0
T01487;0
T01502;2
T01526;0
T01567;0
T01667;3
T01670;0
T01690;2
T01695;0
T01702;0
T01724;0
T01726;2
T01743;0
T01759;0
T01777;0
T01846;0
T01872;0
T01877;0
T01899;0
T01901;0
T02069;0
T02072;3
T02076;0
T02084;0
T02145;0
T02250;2
T02266;0
T02282;0
T02312;3
T02382;0
T02413;3
T02424;2
T02434;0
T02436;0
T02500;2
T02523;0
T02542;0
T02553;0
T02571;0
T02610;0
T02684;3
T02724;0
T02725;2
T02727;0
T02776;0
T02810;0
T02817;0
T02855;0
T02860;0
T02894;0
T02963;0
T03013;3
T03062;3
T03063;0
T03067;3
T03085;0
T03108;3
T03116;0
T03120;2
T03133;2
T03154;3
T03193;2
T03198;0
T03211;0
T03213;0
T03231;0
T03268;0
T03306;2
T03309;0
T03314;0
T03315;0
T03360;0
T03367;0
T03372;0
T03378;0
T03386;0
T03415;0
T03436;0
T03439;0
T03450;0
T03455;2
T03456;0
T03459;0
T03485;0
T03491;0
T03510;0
T03524;0
T03546;0
T03558;0
T03581;0
T03585;2
T03607;0
T03638;0
T03644;0
T03650;0
T03655;2
T03718;2
T03752;0
T03753;0
T03799;0
T03882;0
T03960;0
T03967;0
T03969;0
T03993;3
T04028;2
T04036;0
T04065;0
T04083;0
T04132;0
T04205;0
T04247;3
T04251;0
T04281;0
T04305;0
T04325;0
T04366;0
T04396;0
T04398;0
T04411;0
T04467;0
T04491;2
T04506;0
T04610;0
T04697;2
T04819;0
T04859;0
T04870;3
T05034;0
T05045;0
T05049;0
T05077;2
T05114;4
T05154;0
T05174;0
T05238;0
T05248;0
T05273;0
T05353;0
T05357;0
T05395;0
T05435;0
T05500;0
T05512;0
T05513;0
T05519;3
T05563;1
T05606;0
T05615;2
T05618;0
T05621;3
T05661;0
T05690;0
T05691;2
T05720;0
T05723;0
T05748;0
T05762;0
T05787;0
T05793;0
T05797;0
T05808;0
T05809;2
T05816;3
T05821;0
T05830;0
T05879;2
T05914;0
T05948;3
T05953;1
T05958;0
T05967;0
T05995;0
T05997;2
T06008;0
T06016;0
T06096;0
T06131;0
T06148;0
T06178;2
T06187;2
T06198;0
T06200;3
T06209;2
T06253;0
T06336;2
T06341;0
T06358;0
T06381;1
T06425;0
T06435;0
T06449;2
T06468;0
T06475;0
T06486;0
T06525;2
T06542;2
T06552;0
T06575;1
T06583;0
T06619;0
T06638;0
T06654;3
T06661;0
T06682;4
T06684;1
T06816;0
T06883;0
T06914;0
T06925;3
T06937;2
T06961;0
T07049;0
T07145;0
T07157;2
T07174;0
T07244;0
T07272;0
T07296;0
T07300;0
T07389;0
T07396;0
T07402;0
T07413;0
T07422;0
T07446;0
T07457;0
T07472;0
T07483;0
T07499;0
T07504;0
T07542;4
T07543;0
T07578;1
T07589;0
T07602;0
T07614;0
T07621;0
T07650;2
T07654;0
T07665;2
T07673;0
T07677;0
T07678;0
T07682;4
T07684;0
T07726;0
T07742;0
T07748;0
T07762;1
T07781;2
T07784;0
T07800;0
T07810;0
T07814;0
T07826;2
T07849;2
T07880;0
T07885;2
T07888;0
T07890;2
T07912;2
T07947;2
T07984;2
T08043;2
T08085;0
T08111;0
T08115;0
T08223;0
T08225;0
T08245;2
T08257;2
T08292;0
T08298;0
T08322;0
T08368;0
T08383;0
T08391;2
T08433;0
T08451;0
T08492;0
T08539;0
T08807;2
T08810;3
T08822;0
T08855;2
T08886;0
T08909;0
T08946;0
T08976;0
T09068;0
T09104;0
T09105;0
T09128;0
T09129;0
T09163;0
T09168;2
T09170;3
T09188;0
T09190;2
T09248;0
T09401;0
T09408;0
T09440;0
T09450;0
T09466;0
T09481;0
T09502;0
T09514;0
T09580;4
T09590;0
T09624;0
T09656;0
T09724;0
T09736;0
T09748;4
T09755;2
T09800;1
T09817;0
T09851;2
T09860;2
T09869;0
T09935;4
T09978;0
T09979;0
T09981;0
T10010;0
T10019;2
T10022;0
T10041;2
T10084;2
T10090;0
T10110;3
T10121;3
T10145;0
T10159;2
T10179;0
T10182;0
T10199;0
T10216;2
T10219;2
T10247;0
T10271;0
T10289;0
T10391;0
T10392;0
T10406;0
T10415;0
T10471;0
T10494;0
T10560;0
T10570;0
T10661;0
T10679;0
T10680;0
T10698;0
T10703;0
T10731;0
T10752;2
T10765;0
T10859;0
T10869;0
T10872;0
T10881;0
T10944;0
T10952;0
T10967;2
T10983;0
T11026;0
T11036;0
T11037;2
T11071;0
T11117;0
T11157;0
T11161;0
T11180;0
T11271;0
T11287;0
T11293;2
T11318;2
T11382;0
T11387;4
T11432;2
T11454;2
T11510;2
T11561;0
T11564;0
T11577;0
T11623;2
T11677;3
T11687;0
T11727;0
T11754;0
T11806;3
T11855;0
T11871;0
T11906;0
T11910;0
T11933;3
T12016;0
T12061;0
T12062;0
T12096;0
T12098;0
T12183;0
T12221;0
T12230;0
T12248;0
T12280;0
T12357;0
T12368;3
T12377;0
T12393;0
T12395;0
T12416;2
T12450;0
T12464;0
T12467;2
T12505;0
T12530;0
T12552;0
T12562;0
T12582;0
T12595;0
T12653;0
T12690;0
T12712;0
T12757;0
T12817;0
T12825;0
T12864;2
T12870;0
T12915;0
T12953;0
T12969;0
T12991;0
T13017;0
T13023;0
T13046;4
T13047;0
T13065;0
T13109;0
T13275;0
T13320;0
T13347;0
T13388;0
T13468;0
T13481;0
T13485;0
T13614;0
T13629;0
T13630;0
T13640;0
T13659;0
T13661;0
T13666;2
T13777;0
T13780;0
T13825;0
T13830;0
T13833;0
T13852;0
T13857;0
T13864;2
T13875;0
T13918;0
T13934;0
T13935;0
T13937;0
T13941;0
T14012;3
T14063;0
T14072;0
T14081;0
T14119;0
T14167;0
T14189;0
T14190;0
T14264;0
T14333;0
T14390;0
T14398;3
T14431;2
T14439;0
T14449;2
T14466;0
T14472;3
T14475;2
T14511;0
T14535;2
T14539;0
T14551;0
T14588;0
T14596;0
T14622;0
T14650;0
T14705;2
T14744;0
T14749;0
T14772;0
T14861;0
T14917;0
T14930;0
T14950;0
T15011;2
T15034;0
T15035;2
T15045;0
T15055;0
T15062;0
T15074;0
T15080;0
T15122;0
T15127;2
T15135;0
T15138;0
T15140;0
T15144;0
T15145;0
T15159;0
T15172;0
T15173;0
T15225;0
T15232;0
T15283;3
T15289;0
T15314;0
T15319;0
T15331;0
T15393;3
T15456;0
T15467;0
T15510;0
T15526;0
T15550;0
T15561;3
T15628;0
T15633;2
T15644;0
T15648;0
T15650;0
T15688;0
T15691;0
T15697;2
T15732;2
T15747;0
T15753;0
T15780;0
T15822;0
T15837;0
T15854;0
T15860;4
T15865;0
T15868;0
T15878;0
T15893;0
T15900;0
T15927;0
T15970;0
T15971;0
T15978;0
T15998;0
T16015;0
T16016;3
T16062;0
T16072;1
T16103;3
T16194;0
T16208;0
T16210;0
T16221;3
T16230;4
T16235;3
T16236;0
T16237;0
T16250;0
T16268;0
T16279;0
T16284;2
T16313;0
T16326;0
T16333;0
T16397;0
T16411;2
T16428;0
T16438;0
T16447;0
T16451;0
T16472;0
T16514;0
T16523;0
T16528;0
T16544;0
T16545;0
T16546;2
T16565;0
T16567;0
T16582;0
T16588;2
T16590;0
T16597;0
T16602;0
T16603;2
T16606;0
T16607;0
T16616;0
T16621;2
T16639;0
T16646;0
T16649;0
T16658;2
T16667;0
T16677;0
T16696;0
T16698;0
T16716;0
T16732;2
T16736;0
T16751;2
T16755;0
T16758;0
T16759;0
T16765;0
T16800;0
T16834;0
T16863;0
T16867;0
T16878;0
T16880;0
T16885;0
T16898;0
T16926;0
T16927;0
T16951;0
T16961;0
T16971;2
T16976;0
T16981;0
T16989;2
T16995;0
T17062;0
T17078;0
T17085;0
T17094;0
T17136;0
T17146;2
T17149;0
T17152;0
T17193;2
T17212;2
T17217;0
T17230;0
T17271;2
T17272;3
T17274;0
T17275;0
T17299;0
T17312;0
T17319;3
T17321;0
T17325;0
T17348;0
T17391;0
T17405;0
T17423;0
T17432;0
T17433;3
T17436;2
T17446;3
T17812;0
T17816;3
T17891;0
T17941;2
T17987;0
T17997;0
T18038;0
T18071;2
T18363;3
T18412;3
T18952;2
T18982;2
T19263;2
T19295;0
T19328;2
T19433;0
T19463;2
T19482;2
T19654;0
T19751;0
T19828;2
T20139;2
T20214;2
T20326;2
T20520;2
T20563;3
T20697;2
T20957;0
T20966;2
T20994;2
T21048;2
T21130;2
T21296;1
T21308;2
T21326;2
T21416;2
T21424;0
T21528;2
T21576;0
T21777;0
T21849;0
T21883;2
T21961;2
T22081;2
T22175;0
T22211;3
T22247;2
T22345;2
T22396;2
T22520;2
T22532;2
T22629;2
T22643;0
T22665;2
T22754;2
T22782;2
T22870;2
T22884;2
T22893;2
T23009;0
T23228;3
T23248;2
T23280;3
T23296;2
T23398;1
T23438;2
T23569;2
T23615;2
T23632;0
T23659;2
T23824;0
T24024;2
T24234;2
T24293;3
T24389;2
T24393;2
T24410;2
T24526;2
T24551;0
T24598;2
T24711;2
T24898;2
T25006;2
T25029;2
T25084;4
T25103;2
T25106;0
T25254;2
T25256;2
T25303;2
T25567;2
T25606;2
T25719;2
T25951;2
T25978;2
T26027;2
T26177;2
T26188;2
T26230;2
T26249;2
T26272;0
T26313;0
T26323;0
T26584;3
T26845;2
T26902;2
T26955;2
T27008;2
T27027;2
T27030;2
T27050;2
T27051;2
T27075;0
T27168;2
T27211;0
T27563;2
T27656;2
T27699;2
T27744;2
T27782;0
T27866;0
T27897;0
T28098;2
T28250;2
T28442;2
T28475;0
T28477;2
T28938;0
T29119;2
T29133;2
T29192;2
T29465;0
T29501;0
T29632;2
T29710;1
T29941;0
T29956;2
T30009;2
T30059;2
T30236;0
T30299;2
T30414;0
T30420;2
T30443;1
T30580;2
T30589;2
T30616;0
T30667;2
T30802;2
T30884;2
T30925;2
T31057;2
T31130;2
T31146;2
T31188;2
T31424;2
T31440;2
T31446;3
T31489;2
T31587;2
T31660;0
T31748;2
T31787;2
T31812;2
T31823;2
T31846;2
T31939;2
T32013;0
T32065;2
T32108;2
T32126;2
T32403;2
T32484;0
T32634;0
T32650;2
T32730;2
T32848;2
T33051;2
T33094;2
T33271;2
T33320;2
T33327;2
T33358;2
T33399;2
T33428;2
T33437;2
T33465;0
T33882;2
T34101;0
T34103;2
T34111;2
T34142;2
T34371;0
T34551;2
T34593;2
T34636;0
T34643;2
T34693;0
T34781;2
T34846;2
T35033;2
T35043;2
T35077;2
T35094;2
T35116;3
T35130;1
T35269;0
T35324;1
T35384;2
T35446;2
T35453;4
T35463;2
T35530;3
T35575;2
T35673;2
T35769;2
T35861;2
T35866;2
T36084;0
T36222;2
T36224;0
T36279;2
T36286;2
T36316;2
T36359;0
T36368;2
T36438;2
T36635;2
T36699;2
T36732;3
T36739;2
T36761;2
T36812;2
T36826;2
T36994;2
T37019;4
T37041;0
T37047;0
T37094;2
T37238;2
T37248;2
T37391;3
T37445;2
T37473;2
T37506;2
T37593;2
T37736;2
T37830;2
T37831;2
T37851;0
T37932;2
T37983;2
T38002;2
T38021;2
T38088;2
T38204;0
T38256;0
T38369;2
T38502;0
T38515;2
T38653;2
T38667;2
T38839;2
T39299;0
T39512;0
T39536;2
T39793;3
T39838;2
T39903;2
T39941;0
T39943;2
T40020;2
T40217;2
T40259;2
T40339;0
T40380;2
T40977;2
T41056;2
T41068;2
T41089;2
T41096;2
T41316;2
T41352;0
T41415;0
T41835;2
T42060;2
T42063;0
T42079;2
T42091;2
T42110;2
T42168;2
T42223;2
T42247;2
T42299;2
T42308;2
T42367;2
T42415;2
T42463;2
T42496;0
T42506;2
T42559;2
T42601;2
T42748;2
T42836;0
T42892;0
T42902;0
T43025;3
T43087;2
T43110;2
T43130;2
T43138;2
T43237;2
T43289;2
T43322;2
T43460;2
T43474;0
T43739;2
T43841;4
T43917;2
T43952;2
T44001;2
T44012;0
T44141;2
T44478;2
T45067;2
T45259;2
T45304;2
T45321;2
T45331;2
T45356;2
T45453;2
T45525;2
T45551;2
T45609;3
T45630;2
T45675;0
T45686;2
T45722;2
T45825;2
T45940;4
T45963;2
T46007;2
T46046;2
T46200;2
T46332;2
T46341;2
T46371;2
T46457;2
T46472;3
T46506;2
T46585;0
T46735;2
T46740;2
T46764;3
T46923;0
T46988;2
T47026;0
T47145;0
T47243;2
T47344;0
T47387;2
T47526;3
T47747;2
T47759;2
T47828;2
T47844;4
T47857;2
T47910;2
T47953;2
T47965;2
T48119;2
T48195;2
T48228;0
T48229;2
T48259;2
T48386;2
T48395;2
T48463;2
T48548;2
T48579;2
T48590;2
T48647;2
T48689;0
T48771;2
T49030;2
T49216;3
T49295;0
T49410;2
T49440;0
T49499;0
T49525;0
T49571;2
T49594;2
T49634;2
T49747;2
T49917;2
T49920;2
T49923;2
T49938;2
T49954;0
T49990;2
T50142;2
T50149;2
T50168;2
T50223;2
T50232;2
T50242;2
T50320;0
T50331;2
T50368;2
T50372;2
T50456;2
T50467;2
T50630;2
T50702;2
T50725;2
T50734;2
T50743;0
T50749;0
T50750;2
T50754;2
T50762;2
T50843;2
T50869;2
T50901;2
T50945;2
T51025;2
T51026;0
T51053;0
T51140;2
T51145;0
T51217;2
T51367;2
T51425;0
T51520;2
T51553;2
T51646;2
T51652;0
T51665;2
T51682;0
T51693;2
T51706;0
T51726;3
T51729;2
T51811;2
T51839;2
T51945;2
T51994;2
T52097;0
T52184;2
T52235;2
T52252;2
T52361;2
T52372;2
T52432;4
T52473;0
T52484;2
T52565;2
T52576;2
T52637;2
T52685;2
T52694;2
T52843;2
T52846;2
T52926;0
T52933;2
T53023;0
T53093;2
T53095;0
T53161;3
T53231;3
T53290;2
T53295;2
T53335;3
T53336;3
T53339;0
T53360;3
T53366;3
T53381;3
T53393;0
T53401;2
T53403;3
T53407;3
T53435;3
T53440;3
T53460;4
T53544;0
T53547;3
T53560;3
T53563;3
T53570;0
T53590;3
T53615;3
T53645;0
T53658;3
T53698;0
T53699;3
T53707;2
T53716;3
T53733;3
T53735;2
T53741;3
T53751;3
T53755;3
T53762;3
T53779;3
T53780;3
T54038;0
T54053;0
T54060;0
T54068;0
T54071;0
T54131;0
T54151;0
T54187;0
T54216;0
T54237;0
T54252;0
T54263;0
T54271;0
T54276;2
T54280;0
T54282;0
T54284;0
T54306;0
T54313;0
T54318;0
T54337;2
T54374;0
T54397;0
T54402;2
T54430;0
T54544;0
T54551;2
T54556;2
T54623;2
T54649;2
T54744;2
T54797;2
T54838;2
T54928;3
T55024;0
T55031;3
T55053;0
T55103;0
T55140;3
T55216;0
T55219;3
T55238;0
T55295;2
T55302;2
T55328;2
T55539;0
T55554;2
T55596;2
T55622;3
T55665;2
T55699;2
T55737;3
T55754;2
T55970;3
T56018;2
T56033;2
T56137;0
T56241;2
T56291;3
T56320;2
T56348;2
T56361;2
T56396;3
T56419;2
T56440;2
T56562;2
T56626;0
T57058;0
T57062;2
T57089;2
T57095;0
T57154;0
T57156;3
T57157;0
T57160;0
T57161;2
T57165;0
T57177;0
T57205;0
T57211;0
T57215;2
T57248;0
T57253;0
T57320;0
T57392;0
T57397;3
T57410;0
T57506;0
T57546;0
T57551;0
T57558;2
T57575;2
T57693;0
T57702;0
T57766;2
T57767;0
T57876;0
T57883;2
T57886;0
T57936;2
T58044;3
T58122;0
T58124;0
T58138;0
T58203;2
T58219;0
T58228;0
T58233;0
T58234;0
T58381;2
T58447;0
T58470;2
T58524;0
T58645;0
T58706;2
T58719;0
T58720;0
T59077;0
T59082;0
T59103;0
T59162;0
T59191;2
T59260;2
T59274;2
T59297;3
T59328;2
T59673;0
T59700;4
T59726;2
T59746;2
T59826;2
T60033;2
T60085;0
T60147;2
T60161;0
T60204;0
T60224;0
T60275;0
T60309;3
T60311;3
T60327;0
T60330;2
T60392;3
T60409;3
T60430;3
T60449;3
T60458;3
T60481;3
T60502;3
T60517;2
T60518;2
T60571;2
T60589;2
T60607;0
T60617;0
T60625;3
T60633;3
T60689;2
T60696;3
T60726;0
T60795;2
T60841;4
T60842;3
T60887;3
T60994;0
T61024;0
T61052;0
T61086;0
T61094;0
T61126;2
T61132;2
T61210;3
T61211;0
T61216;2
T61371;0
T61384;3
T61402;3
T61412;0
T61431;2
T61456;3
T61500;3
T61523;3
T61561;3
T61585;2
T61653;3
T61658;3
T61662;3
T61712;3
T61862;3
T61925;3
T61939;3
T61950;3
T61985;0
T61988;2
T62003;0
T62248;0
T62310;2
T62366;0
T62368;0
T62472;3
T62498;0
T62508;0
T62512;2
T62641;0
T73740;3
T73747;3
T73755;3
T73765;3
T73768;3
T73774;3
T73839;3
T73851;3
T73876;3
T74087;3
T74148;0
T74304;3
T74314;3
T74367;3
T74369;3
T74380;3
T74414;3
T74473;3
T74511;3
T74551;3
T74600;3
T74657;3
T74690;3
T74756;3
T74810;3
T74865;3
T74871;3
T75004;2
T75007;3
T75023;3
T75062;3
T75243;3
T75274;3
T75282;3
T75322;2
T75330;3
T75337;3
T75344;3
T75385;3
T75419;2
T75437;3
T75488;3
T75515;3
T75558;3
T75573;3
T75582;3
T75794;3
T75857;3
T75868;3
T76001;3
T76003;2
T76078;3
T76115;2
T76118;3
T76120;3
T76135;3
T76189;3
T76192;3
T76267;3
T76286;3
T76342;3
T76344;1
T76352;2
T76382;2
T76402;0
T76404;3
T76419;2
T76441;3
T76472;3
T76474;3
T76529;3
T76547;3
T76590;3
T76663;3
T76678;3
T76679;0
T76719;3
T76762;0
T76806;2
T76838;3
T76839;3
T76842;3
T76859;3
T76922;3
T76932;3
T76973;3
T77096;2
T77109;3
T77119;3
T77135;3
T77178;3
T77293;3
T77325;3
T77335;3
T77352;3
T77520;3
T77543;3
T77568;3
T77573;3
T77617;2
T77693;3
T77784;0
T77788;3
T77947;3
T77993;3
T78206;3
T78209;3
T78253;2
T78381;3
T78391;3
T78458;0
T78516;3
T78573;2
T78646;0
T78664;3
T78775;3
T79168;2
T79237;3
T79240;3
T79264;0
T79368;0
T79375;2
T79557;3
T79572;2
T79683;3
T79935;3
T79941;3
T80020;3
T80088;3
T80295;2
T80566;3
T80605;0
T81201;3
T81376;2
T81472;3
T81527;3
T81649;3
T81709;0
T82275;2
T82336;4
T84068;3
T84071;4
T84117;3
T84205;3
T84225;0
T84228;0
T84290;3
T84300;3
T84331;0
T84385;2
T84493;3
T84546;2
T84547;3
T84560;0
T84563;2
T84612;2
T84622;3
T84651;2
T84693;3
T84703;3
T84733;3
T84857;0
T84888;0
T84893;0
T84905;0
T84915;0
T84929;0
T84931;0
T84944;0
T84973;0
T89704;0
T89811;0
T89918;0
T89932;0
T89935;0
T89937;0
T89973;0
T92086;0
T92121;0
T92125;2
T92129;0
T92141;0
T92154;2
T92194;3
T92201;0
T92213;2
T92214;2
T92244;3
T92270;2
T94426;4
T94476;0
T94503;2
T94555;0
T94602;0
T96529;0
T96535;0
T96701;2
T96702;0
T96704;0
T98600;0
T98614;3
T98737;0
T98750;0
T98763;0
T98789;3
T98821;0
T98826;2
T98879;3
T98882;0
TA0675;0
TA0689;0
TA0719;3
TA0729;0
TA0900;0
TA3867;4
TA4108;0
TA4192;3
TA4200;0
TA4208;2
TA4295;3
TA4315;2
TA4358;0
TA4367;0
TA4372;0
TA6050;2
TA6052;1
TA6068;0
TA6091;0
TA6130;0
TA6139;2
TA6145;2
TA6163;0
TA8052;0
TA8056;2
TA8241;0
TA8260;0
TA8402;3
TA8414;0
TA8436;2
TA8440;0
TA8446;0
TA8453;0
TA8467;0
TA8471;2
TA8520;0
TA8583;2
TA8589;0
TA8688;4
TA8698;0
TA9001;1
TA9009;1
TAA519;2
TAA637;3
TAA643;2
TAA655;0
TAA669;0
TAA670;0
TAA672;3
TAA750;0
TAA816;2
TAABOR;2
TAABOV;2
TAABP6;2
TAAC29;0
TAAC31;0
TAACCT;0
TAACCX;0
TAACDU;0
TAACDW;0
TAAFRL;0
TAAFTK;0
TAAFTN;0
TAAFVF;2
TAAFXM;0
TAAFYX;0
TAAFZJ;2
TAAG42;3
TAAG64;2
TAAGAG;0
TAAHSW;0
TAAHTC;0
TAAHTU;0
TAAHTY;2
TAAHV1;0
TAAHVG;0
TAAHWZ;2
TAAHZO;2
TAAHZQ;0
TAAHZV;0
TAAI74;1
TAAIA0;2
TAAJU5;2
TAAJUJ;0
TAAJWZ;0
TAAJXE;2
TAAJZ3;0
TAAJZA;2
TAAK82;2
TAAKAH;0
TAAKAL;2
TAAKBN;3
TAALX9;0
TAALXA;0
TAAM13;0
TAAMBE;2
TAAMGI;2
TAAMHM;0
TAAMHW;0
TAAMJN;0
TAAMJS;3
TAAOFB;0
TAAOGF;2
TAAOJH;0
TAAOLS;4
TAAONB;2
TAAONL;2
TAAQOT;0
TAAQPD;0
TB0050;1
TB0123;1
TB0151;1
TB0223;1
TB0458;2
TB0487;1
TB0516;1
TB0547;1
TB0548;1
TB0580;1
TB0598;1
TB0612;1
TB0659;1
TB0701;1
TB0713;1
TB0715;1
TB0727;1
TB0731;1
TB0738;0
TB0752;1
TB0764;1
TB0766;1
TB0789;1
TB0791;1
TB0799;1
TB0806;1
TB0811;1
TB0835;1
TB0849;1
TB0901;1
TB0902;1
TB0924;1
TB0925;1
TB0930;1
TB0987;1
TB1005;1
TB1014;1
TB1015;1
TB1041;1
TB1056;1
TB1059;1
TB1067;1
TB1092;1
TB1101;1
TB1105;1
TB1197;1
TB1207;1
TB1231;1
TB1247;1
TB1292;1
TB1362;1
TB1380;1
TB1406;1
TB1418;1
TB1468;1
TB1474;1
TB1475;0
TB1479;1
TB1486;1
TB1491;1
TB1549;1
TB1570;2
TB1613;1
TB1633;1
TB1640;1
TB1645;1
TB1663;1
TB1665;1
TB1675;1
TB1687;1
TB1696;1
TB1718;1
TB1726;1
TB1733;1
TB1739;1
TB1772;1
TB1827;1
TB1833;1
TB1856;1
TB1896;1
TB1914;1
TB1918;1
TB1925;1
TB1937;1
TB1944;1
TB1978;1
TB2014;1
TB2021;1
TB2025;1
TB2086;1
TB2095;1
TB2113;1
TB2138;1
TB2156;1
TB2230;1
TB2234;1
TB2240;1
TB2246;1
TB2307;0
TB2359;1
TB2395;1
TB2401;0
TB2409;0
TB2429;1
TB2448;1
TB2482;1
TB2500;1
TB2542;1
TB2576;1
TB2610;1
TB2620;1
TB2633;1
TB2715;1
TB2776;1
TB2812;1
TB2829;1
TB2850;1
TB2869;1
TB2915;1
TB2922;1
TB2942;1
TB2946;1
TB2958;1
TB2968;1
TB2980;1
TB2985;1
TB3034;1
TB3043;1
TB3111;1
TB3150;1
TB3181;1
TB3185;1
TB3191;1
TB3207;1
TB3209;1
TB3214;1
TB3236;1
TB3237;1
TB3288;1
TB3291;0
TB3389;1
TB3482;1
TB3493;2
TB3507;1
TB3520;1
TB3522;1
TB3542;1
TB3544;1
TB3547;1
TB3552;1
TB3602;1
TB3641;1
TB3655;1
TB3671;1
TB3721;1
TB3740;1
TB3744;1
TB3745;1
TB3747;1
TB3857;1
TB3859;1
TB3904;1
TB3918;1
TB3925;1
TB3936;1
TB3969;1
TB3988;1
TB4028;1
TB4035;1
TB4074;1
TB4082;1
TB4090;1
TB4095;1
TB4131;1
TB4132;1
TB4135;1
TB4138;1
TB4155;1
TB4166;1
TB4172;1
TB4187;1
TB4228;1
TB4232;1
TB4238;1
TB4253;1
TB4293;1
TB4322;1
TB4327;1
TB4332;1
TB4355;1
TB4358;1
TB4359;1
TB4370;1
TB4380;1
TB4388;0
TB4390;1
TB4393;1
TB4400;1
TB4410;1
TB4412;1
TB4413;1
TB4421;1
TB4434;1
TB4453;1
TB4565;1
TB4603;1
TB4613;1
TB4615;1
TB4628;1
TB4652;1
TB4659;1
TB4671;1
TB4698;1
TB4721;1
TB4727;1
TB4732;1
TB4733;1
TB4737;1
TB4779;1
TB4804;1
TB4808;1
TB4835;1
TB4850;1
TB4852;1
TB4880;1
TB4892;4
TB4910;1
TB4912;1
TB4951;1
TB4967;1
TB5056;1
TB5148;1
TB5225;1
TB5304;1
TB5383;1
TB5391;1
TB5520;1
TB5558;1
TB5585;1
TB5599;1
TB5665;1
TB5707;1
TB5735;1
TB5745;1
TB5773;1
TB5783;1
TB5891;1
TB5934;1
TB5965;1
TB6029;1
TB6054;1
TB6189;1
TB6225;1
TB6365;1
TB6386;1
TB6412;1
TB6431;1
TB6500;1
TB6503;1
TB6548;1
TB6594;1
TB6627;1
TB6654;2
TB6685;1
TC0263;2
TCABJ7;1
TCAJID;0
TCAKDA;2
TCALKI;1
TCAOQO;4
TCATXY;0
TCAWV5;1
TCB063;1
TD0010;1
TD0066;1
TD0069;1
TD0078;1
TD0106;1
TD0111;1
TD0123;1
TD0133;1
TD0135;1
TD0142;1
TD0181;1
TD0277;1
TD0290;1
TD0317;1
TD0324;1
TD0341;1
TD0342;1
TD0344;1
TD0358;1
TD0407;1
TD0421;1
TD0472;1
TD0505;1
TD0532;1
TD0567;1
TD0569;1
TD0647;1
TD0659;1
TD0675;1
TD4347;1
TDC00W;0
TDC00X;0
TDC011;4
TDC01Q;0
TDC01U;0
TDC01Y;0
TDC01Z;0
TDC023;0
TDC04H;0
TDC04Q;0
TDC06S;0
TDC098;0
TDC099;0
TDC0GU;0
TDC0I6;0
TDC0IN;0
TDC0J5;0
TDC0KP;0
TDC0QT;0
TDC0SP;0
TDC0VF;0
TDC13Q;0
TDC14T;0
TDC1FK;0
TDC1GA;0
TDC1IM;0
TDC1IR;0
TDC1J5;0
TDC1J8;0
TDC1J9;0
TDC1KC;0
TDC1KD;0
TDC1KH;0
TDC1KP;0
TDC1KW;0
TDC1KY;0
TDC1NE;0
TDC1NV;0
TDC213;4
TDC26R;0
TDC31X;2
TDC41P;0
TDC520;2
TDC9RK;0
TDC9WL;2
TDC9YW;2
TDCA3F;2
TDCA4G;2
TDCA4S;3
TDCGA4;2
TDCGLR;0
TDCGM3;0
TEVN70;3
TEVNT2;4
TEVNVS;3
TEVNZF;2
TEVOMQ;3
TEVOTB;3
TEVOVX;3
TEVP48;3
TEVS97;3
TEVSA1;3
TEVSAQ;3
TEVSAU;3
TEVVHG;3
TEVVHT;0
TEVVMX;2
TEVVQC;0
TEVVT0;3
TEVVTC;0
TEVVV0;0
TEVVV1;2
TEVVV4;3
TEVVV9;0
TEVVVO;2
TEVYDI;1
TEVYXQ;4
TEVZID;0
TEVZY8;0
TEWA34;1
TEWAA8;0
TEWBFO;0
TEWBIY;0
TEWBJ0;0
TEWBJ1;3
TEWBJ8;0
TEWBJI;2
TEWBP2;4
TEWBPO;0
TEWBQJ;2
TEWBQT;3
TEWBTY;0
TEWDR7;0
TEWEF8;0
TEWEF9;0
TEWEPY;2
TEWERU;0
TEWERY;2
TEWGR8;0
TEWGVB;0
TEWGVH;0
TEWLOI;2
TEWLRQ;2
TEWLRU;4
TEWLVK;0
TEWLYB;2
TEWOW7;0
TEWOWF;2
TEWOX7;3
TEWOXR;0
TEWOYI;0
TEWOYJ;0
TEWOYV;0
TEWOYZ;0
TEWP22;3
TEWP26;0
TEWP89;0
TEWP91;2
TEWRGO;0
TEWRJA;0
TEWRKI;0
TEWRO6;0
TEWROD;0
TEWTOL;0
TEWTQW;0
TEWTRA;0
TEWTU7;0
TEWTV4;0
TEWTV8;0
TEWTWC;0
TEWTY2;0
TEWTY5;2
TEWTYL;3
TEWTZ9;2
TEWU57;3
TEXCHQ;2
TEXCJH;0
TEXCL4;0
TEXCLX;0
TEXCMP;3
TEXCMR;0
TEXCMS;3
TEXCMY;0
TEXCN4;2
TEXCRP;0
TEXCST;0
TEXCSY;0
TEXCT4;2
TEXCTS;4
TEXCU9;3
TEXFBB;0
TEXFC5;3
TEXFDS;2
TEXFEJ;0
TEXFJG;3
TEXFJR;0
TEXHN8;1
TEXHPU;2
TEXHRJ;0
TEXHRS;2
TEXHSA;0
TEXHTJ;0
TEXHTW;0
TEXHUS;0
TEXHWC;0
TEXHWR;0
TEXHWY;0
TEXHX8;0
TEXKBS;0
TEXKBT;0
TEXKCC;0
TEXKCV;0
TEXKG9;0
TEXKGG;2
TEXKGO;0
TEXKI7;0
TEXKIE;2
TEXKL8;4
TEXKLA;0
TEXKLJ;3
TEXKLM;0
TEXKM7;0
TEXKQZ;2
TEXKS8;0
TEXKSA;2
TEXKSC;2
TEXMZ7;0
TEXN09;3
TEXNAM;0
TEXNAT;0
TEXNBJ;0
TEXPJ9;2
TEXPMN;2
TEXPO9;0
TEXPRW;0
TEXPSQ;0
TEXSG6;2
TEXSIF;0
TEXSJH;0
TEXSKD;0
TEXSKL;0
TEXSL6;0
TEXSOB;0
TEXSOQ;0
TEXSOY;0
TEXSPK;0
TEXSQA;0
TEXSQH;3
TEXSRY;2
TEXST8;0
TEXV69;0
TEXVBP;2
TEXVCZ;0
TEXVDA;2
TEXVFB;0
TEXVFP;2
TEXVFR;3
TEXVGX;0
TEXVI3;2
TEXVIX;0
TEXVJD;0
TEXVNG;2
TEXVNK;2
TEXXWN;0
TEXXYS;0
TEXY03;0
TEXY56;3
TEXY85;2
TEXY91;3
TEXY92;0
TEXY99;2
TEXYEW;2
TEXYF4;0
TEXYF9;0
TEXYFP;0
TEYIYX;0
TEYIZV;0
TEYIZZ;0
TEYJ64;0
TEYJAI;3
TEYJBZ;0
TEYJC1;0
TEYJC6;0
TEYJD8;0
TEYJDF;3
TEYJDK;3
TEYJFM;0
TEYJI6;0
TEYSS9;0
TEYSVO;2
TEYSWD;0
TEYSWS;0
TEYSXM;0
TEYT77;0
TEYTB4;0
TEYTB9;0
TEYTCA;2
TEYVQ7;2
TEYVRA;2
TEYVT0;0
TEYVTZ;0
TEYVUM;0
TEYVVB;0
TEYVW8;0
TEYVXH;0
TEYVXL;0
TEYVXR;0
TEYVYC;3
TEYVYG;0
TEYVYX;0
TEYVYZ;0
TEYVZH;2
TEYWC6;0
TEYYP8;0
TEYYSH;2
TEYYTA;2
TEYYW2;2
TEYYXN;0
TEYYY6;0
TEYYZJ;0
TEYZ13;0
TEYZ15;0
TEZAMM;0
TEZAO7;0
TEZAP4;0
TEZAPE;4
TEZAPV;0
TEZARL;0
TEZARZ;3
TEZAS9;0
TEZASM;2
TEZASO;3
TEZASZ;2
TEZAT6;0
TEZATG;0
TEZAUH;0
TEZAUP;3
TEZAX4;0
TEZAXU;2
TEZAYS;0
TEZAZB;0
TEZB04;2
TEZB36;3
TEZB39;0
TEZB61;0
TEZBAC;0
TEZBBV;0
TEZBBY;0
TEZBC3;2
TEZBC6;2
TEZBE4;2
TEZBE9;0
TEZBFX;0
TEZBGE;0
TEZBHC;0
TEZBID;0
TEZBIK;0
TEZBKX;0
TEZBN5;0
TEZBOY;0
TEZBQM;0
TEZBRQ;0
TEZBSF;0
TEZBSK;0
TEZBTH;0
TEZBVZ;0
TEZBXP;0
TEZBXW;0
TEZBY6;0
TEZBZC;0
TEZBZW;0
TEZC51;0
TEZCAF;0
TEZCAY;0
TEZCBR;0
TEZCEK;0
TEZCGC;0
TEZCH0;0
TEZCJE;0
TEZCKV;0
TEZCLG;0
TEZCO4;0
TEZCO9;0
TEZCOQ;0
TEZCPC;2
TEZCPI;0
TEZCQ2;0
TEZCQM;3
TEZCRS;0
TEZCTE;0
TEZCV3;2
TEZCV6;0
TEZCVK;0
TEZCVL;0
TEZCXN;3
TEZCXS;0
TEZCY4;0
TEZCYO;0
TEZD14;2
TEZD38;0
TEZD45;0
TEZD71;2
TEZD92;0
TEZDAJ;0
TEZDAZ;0
TEZDC9;0
TEZDCB;0
TEZDCD;0
TEZDCI;0
TEZDD5;0
TEZDDG;0
TEZDDJ;0
TEZDDN;0
TEZDEH;0
TEZDFI;0
TEZDFJ;0
TEZDG5;0
TEZDHO;0
TEZDIF;0
TEZDK0;0
TEZDLE;0
TEZDLW;3
TEZDM8;0
TEZDMC;0
TEZDMR;0
TEZDN4;0
TEZDO1;0
TEZDPI;0
TEZDR4;4
TEZDSL;0
TEZDT9;1
TEZDTC;0
TEZDTW;0
TEZDU6;0
TEZDV1;2
TEZDWI;0
TEZE52;0
TEZE63;0
TEZEB8;0
TEZEBG;0
TEZEDE;2
TEZEDU;3
TEZEE0;0
TEZEEC;2
TEZEET;0
TEZEFA;0
TEZEFG;0
TEZEG1;0
TEZEGF;0
TEZEGX;0
TEZEK7;0
TEZELF;2
TEZENA;2
TEZENW;0
TEZEPV;1
TEZES3;4
TEZESD;0
TEZESX;0
TEZET6;1
TEZETL;0
TEZEUQ;0
TEZEV6;0
TEZEV7;0
TEZEV8;0
TEZEW9;2
TEZEXE;0
TEZEY2;0
TEZEZ0;0
TEZEZI;0
TEZF29;0
TEZF71;2
TEZF79;4
TEZF81;0
TEZF82;2
TEZF84;2
TEZFAB;0
TEZFBB;2
TEZFBI;4
TEZFBU;0
TEZFC6;0
TEZFC8;0
TEZFCB;0
TEZFD5;0
TEZFE6;0
TEZFET;2
TEZFFE;0
TEZFFN;0
TEZFFQ;2
TEZFGO;0
TEZFH9;2
TEZFHG;0
TEZFID;0
TEZFIE;2
TEZFIJ;0
TEZFIT;0
TEZFJN;0
TEZFK5;0
TEZFK6;0
TEZFKA;0
TEZFKC;0
TEZFKZ;3
TEZFLW;0
TEZFM5;2
TEZFQ0;2
TEZFTH;2
TEZFTI;0
TEZFVF;3
TEZFXH;0
TEZFYE;0
TEZFZ5;2
TEZFZF;2
TEZG04;3
TEZG13;0
TEZG24;0
TEZG82;0
TEZGAD;0
TEZGAL;2
TEZGAM;2
TEZGB2;0
TEZGB5;2
TEZGBW;0
TEZGC5;0
TEZGCY;0
TEZGE0;0
TEZGGX;0
TEZGIV;0
TEZGMI;0
TEZGMV;2
TEZGO9;2
TEZGOP;0
TEZGPG;0
TEZGQE;0
TEZGQJ;0
TEZGQL;0
TEZGR6;0
TEZGRX;3
TEZGTG;0
TEZGUA;2
TEZGVB;3
TEZGWD;2
TEZGXL;0
TEZGYJ;0
TEZGZQ;0
TEZH10;0
TEZH17;0
TEZH39;0
TEZH81;0
TEZHA0;0
TEZHA1;0
TEZHAA;0
TEZHAN;0
TEZHAX;0
TEZHBA;2
TEZHBK;0
TEZHBP;0
TEZHC9;0
TEZHCN;0
TEZHCV;1
TEZHDA;2
TEZHDF;2
TEZHDN;2
TEZHE3;4
TEZHE7;0
TEZHED;2
TEZHEF;0
TEZHGT;0
TEZHH2;0
TEZHH6;2
TEZHHT;0
TEZHIL;2
TEZHJO;0
TEZHKM;0
TEZHLC;0
TEZHLQ;3
TEZHM6;0
TEZHN1;0
TEZHOD;0
TEZHP7;2
TEZHQL;2
TEZHQP;0
TEZHQZ;0
TEZHR7;0
TEZHSO;2
TEZHV8;0
TEZHW4;0
TEZHWK;0
TEZHXR;2
TEZHXU;0
TEZHY1;0
TEZHZZ;2
TEZI16;3
TEZI22;2
TEZI41;0
TEZI53;2
TEZI61;0
TEZI70;0
TEZI72;0
TEZI79;2
TEZI93;3
TEZIAZ;0
TEZIBV;0
TEZIC7;2
TEZIDX;0
TEZIEW;0
TEZIF3;0
TEZIFJ;0
TEZIFP;0
TEZIG1;0
TEZIGI;0
TEZIGS;0
TEZIGZ;0
TEZIHF;0
TEZIHY;3
TEZII3;0
TEZIIF;2
TEZIII;4
TEZIIV;0
TEZIJ1;0
TEZIJ7;0
TEZIK1;0
TEZIK3;0
TEZIL9;0
TEZIMO;2
TEZINI;0
TEZIQ6;0
TEZIRS;2
TEZISI;2
TEZIT0;4
TEZIUB;0
TEZIW1;0
TEZIWA;0
TEZIWX;2
TEZIYJ;2
TEZIZI;2
TEZJ23;4
TEZJ32;0
TEZJ47;2
TEZJ82;0
TEZJBD;0
TEZJBZ;0
TEZJCR;2
TEZJDA;0
TEZJDY;2
TEZJF4;0
TEZJGM;0
TEZJGS;0
TEZJGW;0
TEZJH2;0
TEZJH5;3
TEZJHC;0
TEZJHH;2
TEZJI1;0
TEZJI4;0
TEZJIW;2
TEZJJ5;2
TEZJKS;3
TEZJLP;2
TEZJM9;4
TEZJMJ;2
TEZJML;0
TEZJNY;0
TEZJO2;4
TEZJP5;0
TEZJQJ;2
TEZJSN;0
TEZJW9;0
TEZJX7;2
TEZJXE;0
TEZJXF;2
TEZJXL;2
TEZJXQ;0
TEZJXZ;0
TEZJY7;0
TEZK40;2
TEZK60;0
TEZKB6;0
TEZKBB;2
TEZKBO;3
TEZKD2;0
TEZKD5;0
TEZKDH;1
TEZKDT;2
TEZKE5;0
TEZKF9;4
TEZKFB;3
TEZKFG;2
TEZKI2;0
TEZKIQ;4
TEZKIR;2
TEZKIY;2
TEZKK0;3
TEZKKB;0
TEZKKF;0
TEZKL6;2
TEZKLA;0
TEZKMQ;0
TEZKN2;0
TEZKN3;0
TEZKN7;1
TEZKO6;3
TEZKPG;0
TEZKPL;0
TEZKPO;1
TEZKQ5;2
TEZKS3;0
TEZKSD;0
TEZKVV;0
TEZKXW;2
TEZKYK;2
TEZL56;0
TEZLAO;3
TEZLBN;0
TEZLCP;0
TEZLD6;2
TEZLF7;0
TEZLFN;0
TEZLG7;0
TEZLHB;2
TEZLHD;0
TEZLHF;2
TEZLHG;2
TEZLHU;0
TEZLJF;0
TEZLM8;2
TEZLNF;0
TEZLO4;0
TEZLO7;0
TEZLOU;4
TEZLRL;0
TEZLRO;0
TEZLRS;3
TEZLS0;2
TEZLSP;3
TEZLSW;0
TEZLT1;3
TEZLTQ;2
TEZLVI;0
TEZLXL;3
TEZLYF;2
TEZLYW;2
TEZM58;0
TEZM89;2
TEZM99;0
TEZMBW;3
TEZMD5;0
TEZMDO;0
TEZMFC;0
TEZMG6;3
TEZMH1;0
TEZMHC;0
TEZMHI;2
TEZMIJ;0
TEZMIK;0
TEZMIS;0
TEZMIZ;0
TEZMJ3;0
TEZMJK;0
TEZMJX;0
TEZMNA;0
TEZMO2;0
TEZMS6;0
TEZMT4;2
TEZMUE;0
TEZMY9;2
TEZN32;0
TEZN39;0
TEZN58;0
TEZNAS;2
TEZNB9;0
TEZNBH;0
TEZNCC;3
TEZNCM;0
TEZND8;0
TEZNF2;4
TEZNGU;3
TEZNI2;1
TEZNI8;0
TEZNIP;0
TEZNIQ;0
TEZNJR;3
TEZNJY;0
TEZNK3;0
TEZNKM;0
TEZNKW;0
TEZNLE;0
TEZNMY;0
TEZNRD;4
TEZNRH;0
TEZNT0;2
TEZNUY;2
TEZNWC;0
TEZNX8;2
TEZNXL;0
TEZNYK;0
TEZNZ2;0
TEZNZ3;0
TEZNZC;0
TEZO13;2
TEZOAL;4
TEZOAY;0
TEZOCJ;0
TEZODN;0
TEZODU;1
TEZOF2;0
TEZOF5;0
TEZOHE;0
TEZOHJ;0
TEZOHM;2
TEZOI3;0
TEZOJM;0
TEZOKY;0
TEZOLS;0
TEZOLU;1
TEZOMO;3
TEZOOD;0
TEZOOJ;2
TEZOOL;4
TEZOOO;0
TEZOOU;3
TEZORG;0
TEZOS8;2
TEZOSP;2
TEZOUC;0
TEZOVP;0
TEZOW5;0
TEZOWC;2
TEZOWF;0
TEZPE3;0
TEZPEH;0
TEZPF0;0
TEZPF5;0
TEZPGH;0
TEZPGR;1
TEZPH4;0
TEZQD9;2
TEZQDF;2
TEZSNN;3
TEZSNS;0
TEZSO4;0
TEZSOI;0
TEZSOM;0
TEZSOY;2
TEZSP1;2
TEZSPO;2
TEZSQ7;0
TEZSQA;2
TEZSQB;0
TEZSQV;0
TEZSRE;1
TEZSRH;0
TEZUKA;0
TEZUNZ;0
TEZUOA;0
TEZUOW;0
TEZUPG;0
TEZUSY;3
TEZUT6;2
TEZUTH;1
TEZUU2;0
TEZUUI;0
TEZUUO;2
TEZUUP;0
TEZUUU;1
TEZUUX;0
TEZVOV;2
TEZVOX;2
TF0597;4
TF1240;2
TF1244;0
TF1264;2
TF1272;0
TF1281;1
TF2240;1
TF6007;0
TF6011;1
TFA388;2
TFA753;0
TFAAP9;1
TFAAZF;0
TFAAZL;0
TFAB04;0
TFAB06;0
TFACV9;3
TFACVD;2
TFACVG;1
TFAEAJ;1
TFAELN;3
TFAFF3;2
TFAGPC;3
TFAGPE;2
TFAIE7;2
TFAIEA;4
TFAIK3;0
TFAIKL;0
TFAIKM;0
TFAIL1;0
TFAIMA;0
TFAIMB;2
TFAIMQ;0
TFALI4;0
TFALIA;0
TFALIE;0
TFAOX1;2
TFATQU;0
TFBAOA;1
TFBEAM;0
TFBEAQ;0
TFBER2;1
TFBER3;0
TFBESF;0
TFBESL;0
TFBESR;4
TFBESX;1
TFBFQ1;0
TFBGUI;0
TFBIP8;0
TFBJDS;0
TFBJN5;0
TFBJPE;2
TFBJPF;0
TFBJPR;2
TFBJPS;2
TFBJR5;1
TFBJRL;0
TFBJS3;0
TFBJTR;0
TFBJUW;4
TFBJWN;0
TFBJX0;1
TFBJZ7;1
TFBJZI;2
TFBJZK;0
TFBK21;3
TFBK42;0
TFBK43;1
TFBK72;0
TFBKAL;2
TFBKB2;0
TFBKBH;1
TFBKBW;1
TFBKDA;1
TFBKDD;3
TFBKDW;0
TFBKE0;0
TFBKGN;0
TFBKHT;0
TFBKI1;2
TFBKI9;0
TFBKIA;0
TFBKIP;2
TFBKJR;0
TFBKJV;2
TFBKKL;0
TFBKN0;1
TFBKNV;1
TFBKOS;2
TFBKP7;2
TFBKQ7;1
TFBKQA;1
TFBKQI;1
TFBKQP;1
TFBKQU;1
TFBKR3;1
TFBKR8;1
TFBKR9;1
TFBKRU;3
TFBKS2;0
TFBKSZ;4
TFBKTY;0
TFBKU3;1
TFBKVJ;1
TFBKWH;1
TFBKWZ;1
TFBKX1;1
TFBKX2;1
TFBKXA;1
TFBKXO;1
TFBKZ9;2
TFBLAC;0
TFBLB3;0
TFBLBK;1
TFBLBY;3
TFBLCB;0
TFBLCS;0
TFBLDN;0
TFBLFM;2
TFBLFX;2
TFBLG2;3
TFBLI3;1
TFBLIB;1
TFBLID;0
TFBLJ3;0
TFBLJO;0
TFBLKB;1
TFBLKJ;2
TFBLLW;0
TFBLMY;0
TFBLN2;2
TFBLNO;2
TFBLNY;1
TFBLO2;0
TFBLO7;2
TFBLP9;4
TFBLQH;0
TFBLRG;0
TFBLRW;2
TFBLTE;0
TFBLUM;1
TFBLW3;0
TFBLX1;0
TFBLX3;3
TFBMLW;1
TFBMMJ;0
TFBMX4;1
TFBN50;1
TFBNBL;0
TFBNDD;1
TFBNI1;1
TFBNNV;0
TFBNZV;1
TFBOHB;1
TFBOL3;1
TFBOM4;2
TFBPRZ;2
TFBPSA;2
TFBPUA;0
TFBQSN;1
TFBQSX;1
TFBQUH;1
TFBQZU;2
TFBR10;0
TFBR19;0
TFBRBL;0
TFBRC1;0
TFBRCO;2
TFBRF5;0
TFBRGH;0
TFBRIU;4
TFBRJ4;1
TFBRJW;0
TFBRJZ;2
TFBRK2;1
TFBRLC;0
TFBRLL;3
TFBRM5;0
TFBRNE;1
TFBRNO;0
TFBRO8;0
TFBRPG;1
TFBRQB;0
TFBRQP;0
TFBSJ9;1
TFBSJP;1
TFBSJX;1
TFBSKB;1
TFBSL7;1
TFBSL9;1
TFBSLI;1
TFBSLX;1
TFBSMM;2
TFBSMQ;1
TFBSNE;1
TFBSOJ;0
TFBSQB;4
TFBSVB;0
TFBSVT;1
TFBSWH;0
TFBSZW;0
TFBT24;2
TFBT40;0
TFBTAN;2
TFBTEW;0
TFBTF3;4
TFBTHK;0
TFBTIH;0
TFBTMT;0
TFBTO8;2
TFBTPH;0
TFBTSM;0
TFBTU3;0
TFBTU4;0
TFBTUJ;0
TFBTUO;1
TFBTVF;0
TFBTYK;2
TFBU18;1
TFBU74;0
TFBU92;1
TFBUA5;0
TFBUAI;0
TFBUCB;1
TFBUEW;1
TFBUH5;1
TFBUHO;1
TFBW25;2
TFBW81;0
TFBW84;2
TFBWAQ;2
TFBWAT;0
TFBWB0;0
TFBWFU;4
TFBWG8;0
TFBWIL;2
TFBWKB;1
TFBWMA;2
TFBWO7;1
TFBWQT;1
TFBWZ2;0
TFBX19;0
TFBX21;0
TFBXA3;2
TFBXMJ;0
TFBYDV;0
TFBYIB;2
TFBYMR;2
TFBYN7;2
TFBYNZ;2
TFBYR1;1
TFBYS9;0
TFBYUA;1
TFBYYH;1
TFBYZE;1
TFBYZG;0
TFBZ62;2
TFBZAA;0
TFBZBR;1
TFBZBU;0
TFBZGS;3
TFBZGV;3
TFBZLC;0
TFBZMO;0
TFBZNE;2
TFBZO6;0
TFBZOR;1
TFBZPK;0
TFBZQ5;0
TFBZRY;1
TFBZSP;0
TFBZT8;1
TFBZTU;0
TFBZTX;1
TFBZU1;1
TFBZUS;0
TFBZW5;1
TFBZW9;0
TFBZWB;0
TFBZWP;2
TFBZWT;1
TFBZYE;2
TFBZZC;0
TFC071;2
TFC146;0
TFC318;3
TFC440;0
TFC462;2
TFC468;3
TFC486;1
TFC490;3
TFC527;1
TFC829;2
TFC835;1
TFCA40;0
TFCAB2;0
TFCACG;1
TFCADA;2
TFCAFR;0
TFCAI9;2
TFCAM4;0
TFCANY;2
TFCAO3;3
TFCAO8;0
TFCAPX;0
TFCAR4;2
TFCAR6;0
TFCATG;1
TFCAW0;0
TFCAXW;1
TFCAXX;2
TFCAY0;0
TFCAYV;0
TFCAYX;2
TFCAZ9;1
TFCB06;3
TFCB37;0
TFCB99;0
TFCBA0;0
TFCBA1;1
TFCBDZ;1
TFCBHL;1
TFCBHP;3
TFCBI4;0
TFCBJU;1
TFCBLJ;1
TFCBMZ;1
TFCBN5;2
TFCBR1;0
TFCBR7;1
TFCBRV;1
TFCBRY;0
TFCBTL;1
TFCBU4;1
TFCBV4;1
TFCBVS;0
TFCBWV;1
TFCBWY;1
TFCBX0;1
TFCC16;2
TFCC63;1
TFCC64;2
TFCCME;3
TFCCRW;1
TFCCWQ;0
TFCD80;0
TFCD81;4
TFCDA6;3
TFCDFH;1
TFCDG4;3
TFCDJX;1
TFCDKX;0
TFCDQN;1
TFCDRK;1
TFCDRM;1
TFCDUN;0
TFCDUY;0
TFCDV0;1
TFCDW5;4
TFCDWF;0
TFCDWZ;0
TFCDX2;1
TFCDYY;0
TFCDZI;0
TFCEAC;1
TFCEE4;0
TFCEGB;0
TFCEGZ;0
TFCEIR;0
TFCEK4;2
TFCEMY;0
TFCEPO;0
TFCES4;4
TFCET3;2
TFCETU;0
TFCEVB;3
TFCEVV;1
TFCEZH;0
TFCF92;0
TFCFBZ;0
TFCFCE;0
TFCFEA;1
TFCFED;1
TFCFEH;0
TFCFEI;1
TFCFJQ;0
TFCFNQ;1
TFCFPA;3
TFCFPB;0
TFCFT0;0
TFCFT6;0
TFCFTM;0
TFCFUL;1
TFCFUN;1
TFCFV6;0
TFCFVF;0
TFCFVQ;1
TFCFZD;1
TFCGCK;1
TFCGCT;0
TFCGDQ;0
TFCGLX;2
TFCGMQ;0
TFCGND;0
TFCGOG;0
TFCGOJ;0
TFCGOQ;0
TFCGS4;0
TFCGWX;3
TFCGYD;1
TFCH84;3
TFCHAO;1
TFCHB6;0
TFCHC3;3
TFCHFM;2
TFCHGI;1
TFCHHC;0
TFCHHS;0
TFCHIL;2
TFCHIQ;1
TFCHIZ;1
TFCHJ3;2
TFCHKM;0
TFCHSV;1
TFCHT0;3
TFCHUW;0
TFCHVB;0
TFCHW3;1
TFCHXY;1
TFCI28;0
TFCI62;0
TFCI97;3
TFCIA2;0
TFCIE1;0
TFCIF9;2
TFCIN4;0
TFCINL;2
TFCINP;0
TFCIQU;1
TFCIR5;1
TFCISI;0
TFCIUB;2
TFCIVL;0
TFCIX5;4
TFCJDN;0
TFCJGR;0
TFCJH3;1
TFCJI2;0
TFCJJG;1
TFCJJX;0
TFCJKV;0
TFCJLQ;3
TFCJM3;2
TFCJMB;1
TFCJNS;1
TFCJNX;2
TFCJPH;0
TFCJQH;0
TFCJRT;2
TFCJRW;0
TFCJSA;1
TFCJST;3
TFCJWR;0
TFCK80;1
TFCKA4;0
TFCKB6;0
TFCKBL;0
TFCKJQ;2
TFCKKV;2
TFCKL6;0
TFCKMG;1
TFCKNF;1
TFCKNR;0
TFCKNS;0
TFCKO6;2
TFCKOA;0
TFCKON;0
TFCKOR;2
TFCKOY;1
TFCKR0;3
TFCKV3;1
TFCKY0;1
TFCLCO;3
TFCLE7;0
TFCLEK;0
TFCLET;2
TFCLHN;0
TFCLHU;2
TFCLIZ;1
TFCLKI;2
TFCLKJ;1
TFCLKN;0
TFCLL0;1
TFCLMQ;1
TFCLMW;0
TFCLPP;1
TFCLR9;0
TFCLYM;1
TFCLZ6;0
TFCM79;0
TFCM87;0
TFCMCT;2
TFCME1;0
TFCMEM;2
TFCMHF;2
TFCMI4;4
TFCMI7;0
TFCMNJ;1
TFCMPK;1
TFCMT0;2
TFCMU7;0
TFCMVL;0
TFCMVY;2
TFCMVZ;0
TFCMY9;2
TFCMYC;0
TFCMYS;1
TFCN04;2
TFCN06;0
TFCNAD;1
TFCNH5;1
TFCNJV;0
TFCNP1;0
TFCNRR;0
TFCNSC;0
TFCNSQ;1
TFCNTA;3
TFCNV6;0
TFCNZA;1
TFCO43;0
TFCOCB;0
TFCOD9;2
TFCODW;0
TFCOFJ;0
TFCOGG;1
TFCOH0;0
TFCOJN;1
TFCOJY;1
TFCOK9;1
TFCOKA;2
TFCOKC;1
TFCOKH;1
TFCOP7;2
TFCOR5;1
TFCOS3;0
TFCOUZ;0
TFCOV2;0
TFCOXM;1
TFCOXY;0
TFCP19;0
TFCP52;4
TFCPF7;2
TFCPG1;0
TFCPH7;3
TFCPIP;0
TFCPN1;1
TFCPNW;1
TFCPOP;1
TFCPP9;0
TFCPQ6;0
TFCPQZ;1
TFCPR8;0
TFCPRD;0
TFCPRS;0
TFCPTO;0
TFCPUN;0
TFCPVM;1
TFCPX1;0
TFCPX2;0
TFCPXC;1
TFCPZW;2
TFCQ72;3
TFCQ95;0
TFCQB8;0
TFCQDN;0
TFCQDV;1
TFCQDZ;1
TFCQEH;1
TFCQF7;0
TFCQFV;4
TFCQGF;1
TFCQGU;0
TFCQL3;1
TFCQLG;0
TFCQMJ;0
TFCQNH;0
TFCQO5;2
TFCQOG;0
TFCQOP;1
TFCQQ2;1
TFCQRA;0
TFCQRT;1
TFCQRY;2
TFCQSA;0
TFCQTA;1
TFCQTL;2
TFCQTM;1
TFCQV8;0
TFCQWE;0
TFCQWP;1
TFCQXJ;2
TFCR77;0
TFCR83;1
TFCRA6;0
TFCRAG;1
TFCRAJ;0
TFCRE2;0
TFCRF0;1
TFCRF2;0
TFCRFY;2
TFCRG6;0
TFCRGS;2
TFCRGX;3
TFCRHB;1
TFCRIC;1
TFCRIJ;1
TFCRJ4;0
TFCRJ7;0
TFCRJD;0
TFCRKY;1
TFCRKZ;2
TFCRLX;0
TFCRO4;1
TFCROE;1
TFCRPP;1
TFCRRV;0
TFCRT4;0
TFCRTY;0
TFCRUB;0
TFCRUI;0
TFCRUS;0
TFCRVM;0
TFCRW6;0
TFCRW8;1
TFCRW9;0
TFCRWB;3
TFCRWT;2
TFCRX2;0
TFCRXN;2
TFCRYK;1
TFCRYN;0
TFCSAB;0
TFCSBP;2
TFCSCT;0
TFCSFC;0
TFCSFE;1
TFCSFO;1
TFCSFS;2
TFCSHA;2
TFCSI8;0
TFCSI9;2
TFCSID;2
TFCSIG;0
TFCSIH;0
TFCSIU;1
TFCSJ0;0
TFCSJQ;0
TFCSLQ;2
TFCSM7;0
TFCSNW;0
TFCSNY;3
TFCSNZ;1
TFCSO4;0
TFCSRM;1
TFCSRS;0
TFCSRU;0
TFCSVE;1
TFCSWJ;1
TFCSWQ;0
TFCSXX;0
TFCSYA;4
TFCSZN;0
TFCT08;0
TFCT16;0
TFCT26;3
TFCTBZ;0
TFCTD6;0
TFCTIW;1
TFCTKP;2
TFCTLE;0
TFCTM2;0
TFCTMX;1
TFCTNX;1
TFCTNY;0
TFCTO3;0
TFCTOW;0
TFCTPS;0
TFCTQD;2
TFCTQR;2
TFCTRC;0
TFCTRJ;1
TFCTRW;0
TFCTTJ;0
TFCTU7;0
TFCTVE;3
TFCTWT;1
TFCTZB;0
TFCU35;2
TFCU91;0
TFCU95;0
TFCUAA;1
TFCUCP;1
TFCUDL;0
TFCUGZ;0
TFCUJX;0
TFCUK9;1
TFCUKG;0
TFCUKX;0
TFCUN9;0
TFCUOR;1
TFCURD;2
TFCUT6;0
TFCUTR;1
TFCUX1;1
TFCUYD;3
TFCV77;0
TFCVAS;1
TFCVBA;0
TFCVD4;1
TFCVE0;0
TFCVE9;1
TFCVEB;0
TFCVED;1
TFCVEO;1
TFCVEU;1
TFCVG6;1
TFCVIC;0
TFCVML;2
TFCVN8;0
TFCVO9;2
TFCVOL;0
TFCVQE;0
TFCVRY;2
TFCVSO;4
TFCVSW;2
TFCVU9;2
TFCVVH;2
TFCVVQ;2
TFCVVU;2
TFCVVV;3
TFCVW1;0
TFCVXO;1
TFCVXQ;0
TFCVY1;2
TFCVYK;1
TFCVYU;0
TFCW66;0
TFCW93;1
TFCWD9;1
TFCWE0;2
TFCWE4;0
TFCWEF;0
TFCWES;1
TFCWET;4
TFCWEY;0
TFCWFQ;3
TFCWGK;2
TFCWHP;1
TFCWI4;2
TFCWJ5;2
TFCWKB;0
TFCWLD;1
TFCWLI;2
TFCWLT;0
TFCWM2;0
TFCWME;1
TFCWMV;0
TFCWN6;2
TFCWND;2
TFCWNX;0
TFCWOD;2
TFCWQY;0
TFCWS0;0
TFCWU3;1
TFCWWX;0
TFCWZO;1
TFCWZP;1
TFCX12;1
TFCXA8;2
TFCXAV;0
TFCXB1;0
TFCXB4;2
TFCXBC;0
TFCXBZ;1
TFCXDA;0
TFCXE8;1
TFCXED;1
TFCXEK;0
TFCXFG;0
TFCXG0;0
TFCXGE;0
TFCXGL;0
TFCXHA;1
TFCXHC;0
TFCXHI;4
TFCXJ6;0
TFCXK2;2
TFCXLB;0
TFCXLP;0
TFCXTF;1
TFCXTI;4
TFCXUX;2
TFCXW4;0
TFCXWT;0
TFCXXC;0
TFCXXN;1
TFCXYU;1
TFCYA9;0
TFCYC4;0
TFCYDY;1
TFCYEC;1
TFCYEG;2
TFCYFC;2
TFCYI5;0
TFCYIX;1
TFCYKF;1
TFCYMM;1
TFCYO5;0
TFCYO8;0
TFCYOB;0
TFCYOD;1
TFCYOE;0
TFCYOS;1
TFCYP5;0
TFCYR2;0
TFCYVO;0
TFCYW1;2
TFCYX2;0
TFCYXS;0
TFCYY4;2
TFCZ14;1
TFCZ45;2
TFCZ56;1
TFCZ58;0
TFCZAS;1
TFCZBG;2
TFCZD5;0
TFCZD9;3
TFCZDB;2
TFCZFQ;0
TFCZFS;0
TFCZFY;1
TFCZG2;0
TFCZG7;0
TFCZG8;0
TFCZH7;0
TFCZLP;1
TFCZN5;0
TFCZOA;0
TFCZOB;1
TFCZP7;0
TFCZQI;1
TFCZR4;0
TFCZR8;0
TFCZS8;0
TFCZSD;0
TFCZUK;0
TFCZUL;0
TFCZUY;1
TFCZVN;1
TFCZWR;1
TFCZXC;0
TFCZXE;0
TFCZXJ;2
TFD031;0
TFD055;2
TFD123;4
TFD156;0
TFD315;2
TFD403;0
TFD421;0
TFD430;0
TFD438;0
TFD505;0
TFD542;2
TFD555;1
TFD578;0
TFD589;1
TFD598;1
TFD603;1
TFD638;0
TFD790;0
TFD813;2
TFD818;0
TFD830;1
TFD845;0
TFD879;0
TFD975;0
TFDA37;0
TFDA47;0
TFDA67;0
TFDA94;0
TFDAAM;0
TFDAAQ;1
TFDABC;2
TFDABH;0
TFDAC6;0
TFDADK;0
TFDADM;0
TFDAI9;0
TFDAIL;0
TFDAKV;3
TFDAKY;4
TFDAMP;0
TFDANK;0
TFDANW;1
TFDAP1;3
TFDAS4;0
TFDATD;2
TFDAZV;0
TFDB05;1
TFDB49;0
TFDB61;2
TFDB66;2
TFDB86;1
TFDB97;1
TFDBAQ;1
TFDBB1;3
TFDBH8;2
TFDBIF;0
TFDBIX;2
TFDBJE;0
TFDBJH;2
TFDBKB;0
TFDBKE;0
TFDBL6;2
TFDBLK;0
TFDBMC;0
TFDBP3;2
TFDBPH;0
TFDBQZ;2
TFDBSF;0
TFDBSG;1
TFDBSI;1
TFDBT7;2
TFDBT8;0
TFDBUD;2
TFDBUL;3
TFDBVW;4
TFDBWS;0
TFDBXI;2
TFDBZ0;3
TFDC28;0
TFDC66;4
TFDC75;1
TFDC78;0
TFDCA5;4
TFDCAJ;3
TFDCBH;0
TFDCCZ;0
TFDCD0;1
TFDCDJ;1
TFDCDY;0
TFDCEX;0
TFDCGE;1
TFDCGL;0
TFDCGT;0
TFDCMG;0
TFDCP9;1
TFDCPA;1
TFDCT3;0
TFDCV6;0
TFDCVD;0
TFDCX5;0
TFDCX9;1
TFDCXB;0
TFDCY5;1
TFDCYJ;0
TFDCYM;2
TFDCYP;1
TFDCZF;0
TFDD64;2
TFDD88;0
TFDD98;0
TFDDAO;0
TFDDBG;3
TFDDBS;1
TFDDCD;1
TFDDCS;0
TFDDDI;0
TFDDE8;0
TFDDEF;1
TFDDF3;2
TFDDFT;2
TFDDIF;0
TFDDJ8;2
TFDDJH;0
TFDDJO;1
TFDDJR;0
TFDDKL;0
TFDDLC;1
TFDDLM;1
TFDDM5;0
TFDDM7;0
TFDDMR;0
TFDDNV;0
TFDDO0;0
TFDDO3;0
TFDDPD;1
TFDDQ8;1
TFDDR1;0
TFDDTY;0
TFDDU3;3
TFDDVO;4
TFDDWN;0
TFDE03;0
TFDE41;3
TFDEAG;4
TFDEB2;0
TFDEBE;0
TFDEBT;2
TFDEBV;2
TFDEC3;2
TFDECT;0
TFDEDL;2
TFDEDM;0
TFDEDN;0
TFDEDV;1
TFDEF2;0
TFDEFM;0
TFDEHN;2
TFDEL8;3
TFDEM3;0
TFDEMF;0
TFDEO6;0
TFDEP9;1
TFDEPJ;0
TFDEQ8;2
TFDET7;4
TFDEU6;1
TFDEUW;0
TFDEUZ;1
TFDEXX;2
TFDEY5;0
TFDEZH;0
TFDEZT;0
TFDF16;2
TFDF43;1
TFDF53;0
TFDF57;0
TFDF74;0
TFDF76;3
TFDF90;0
TFDF94;2
TFDF95;2
TFDF96;3
TFDFAF;0
TFDFAG;0
TFDFBK;2
TFDFBM;2
TFDFDQ;2
TFDFE9;1
TFDFG9;2
TFDFHJ;2
TFDFJK;0
TFDFKY;0
TFDFN2;2
TFDFR2;1
TFDFS5;1
TFDFSN;0
TFDFSZ;0
TFDFT4;0
TFDFT5;0
TFDFT9;0
TFDG01;0
TFDGD8;0
TFDGF7;2
TFDGFI;0
TFDGGR;0
TFDGGS;2
TFDGIE;2
TFDGII;0
TFDGJ2;0
TFDGK2;0
TFDGKG;3
TFDGKO;0
TFDGKQ;2
TFDGKR;2
TFDGKV;0
TFDGM0;1
TFDGNH;3
TFDGTN;0
TFDGU9;3
TFDGVJ;3
TFDGWT;0
TFDGZ4;2
TFDGZK;1
TFDH05;2
TFDH20;0
TFDH21;0
TFDH34;0
TFDH35;0
TFDH50;1
TFDHBR;2
TFDHCA;1
TFDHDT;0
TFDHGP;3
TFDHHW;1
TFDHKP;0
TFDHKX;0
TFDHL5;0
TFDHLE;0
TFDHM0;1
TFDHMD;0
TFDHMZ;0
TFDHNL;0
TFDHOO;1
TFDHQ0;2
TFDHQ1;0
TFDHQF;0
TFDHQV;0
TFDHR5;1
TFDHW1;0
TFDI78;0
TFDI94;0
TFDIBZ;0
TFDID7;1
TFDIDT;0
TFDIE8;0
TFDIEI;2
TFDIEK;1
TFDIEL;0
TFDIEO;0
TFDIG7;1
TFDIGN;0
TFDIGX;0
TFDIM0;0
TFDIMB;1
TFDIQT;0
TFDIR1;0
TFDIR5;0
TFDIRI;2
TFDISA;1
TFDISF;0
TFDISJ;0
TFDISP;1
TFDIT8;0
TFDIUF;1
TFDIUW;0
TFDIZQ;1
TFDJ61;0
TFDJ68;0
TFDJA1;0
TFDJAH;2
TFDJF4;0
TFDJF7;1
TFDJFT;0
TFDJFZ;0
TFDJGW;0
TFDJHZ;1
TFDJI0;1
TFDJI5;1
TFDJIH;0
TFDJIK;1
TFDJIP;1
TFDJIV;1
TFDJIX;0
TFDJJ2;0
TFDJJ9;0
TFDJJI;1
TFDJJN;4
TFDJJQ;0
TFDJJY;0
TFDJLA;3
TFDJLF;2
TFDJM3;0
TFDJMF;0
TFDJMK;0
TFDJNH;0
TFDJON;1
TFDJPD;2
TFDK20;0
TFDKFX;2
TFDKJV;0
TFDKKK;2
TFDKKT;1
TFDKKV;2
TFDMAZ;1
TFDMBC;2
TFDMBJ;2
TFDMBQ;1
TFDMC1;1
TFDMC7;0
TFDMP7;0
TFDMWC;0
TFDMXM;1
TFDN71;3
TFDN89;0
TFDN98;1
TFDNEH;0
TFDNG1;0
TFDNI8;1
TFDNK5;0
TFDNKE;3
TFDNLF;0
TFDNLJ;2
TFDNMX;0
TFDNN4;1
TFDNNV;0
TFDNOP;2
TFDNOT;0
TFDNSN;0
TFDNSO;2
TFDNT0;0
TFDNTR;0
TFDNX0;3
TFDNXB;3
TFDNXC;0
TFDO36;2
TFDO54;0
TFDO61;0
TFDO92;1
TFDO96;0
TFDOA9;0
TFDOAK;0
TFDOAP;0
TFDOB0;0
TFDOBB;2
TFDOBH;0
TFDOBO;1
TFDOC7;2
TFDOCD;2
TFDOCG;2
TFDOCI;2
TFDOD9;0
TFDODT;0
TFDOF6;1
TFDOFG;1
TFDOH6;2
TFDOHG;0
TFDOPJ;1
TFDOR7;1
TFDOR8;2
TFDORH;0
TFDOS2;0
TFDOSE;1
TFDOSH;0
TFDOSO;2
TFDOSP;0
TFDOSV;0
TFDOT9;2
TFDOU6;1
TFDOU7;0
TFDOUH;0
TFDOXA;1
TFDOYB;3
TFDOZ6;0
TFDP06;2
TFDP11;2
TFDPAC;0
TFDPBS;0
TFDPC3;0
TFDPDN;2
TFDPF2;0
TFDPFE;1
TFDPFL;0
TFDPHS;0
TFDPIO;0
TFDPJI;2
TFDPJK;1
TFDPMB;0
TFDPPC;2
TFDPQP;0
TFDPRM;0
TFDPRX;0
TFDPSD;2
TFDPSO;0
TFDPUF;2
TFDPV1;1
TFDPVI;1
TFDPVK;0
TFDPWK;0
TFDPWL;1
TFDPWP;2
TFDPWX;0
TFDPWZ;0
TFDPXB;2
TFDPXF;0
TFDPXN;0
TFDPXV;3
TFDPZ6;0
TFDQ03;1
TFDQ69;1
TFDQ71;0
TFDQA3;0
TFDQA5;0
TFDQCC;0
TFDQCG;0
TFDQD7;2
TFDQDF;1
TFDQDJ;1
TFDQFU;1
TFDQGO;1
TFDQH4;0
TFDQHM;0
TFDQII;0
TFDQIQ;1
TFDQJS;0
TFDQK8;0
TFDQKX;0
TFDQNN;0
TFDQNQ;0
TFDQNT;3
TFDQOE;0
TFDQQ6;0
TFDQQG;0
TFDQQI;0
TFDQRQ;1
TFDQS3;0
TFDQTE;2
TFDQTO;2
TFDQU2;2
TFDQUO;2
TFDQV1;2
TFDQWP;0
TFDQWW;4
TFDQX0;0
TFDQX3;1
TFDQXH;0
TFDQYJ;0
TFDQYN;0
TFDQYY;0
TFDQZZ;0
TFDR46;0
TFDR64;1
TFDRA2;0
TFDRAE;1
TFDRAX;0
TFDRB8;2
TFDRB9;0
TFDRBX;0
TFDRCF;0
TFDRCN;2
TFDRCQ;0
TFDRCT;0
TFDRD6;0
TFDRDS;0
TFDRE2;1
TFDRE6;3
TFDRFS;1
TFDRFV;0
TFDRG5;1
TFDRGJ;0
TFDRGU;0
TFDRHZ;0
TFDRJ5;0
TFDRJK;2
TFDRJV;0
TFDRK0;1
TFDRKF;1
TFDRKS;0
TFDRL6;2
TFDRQG;0
TFDRQJ;0
TFDRS1;2
TFDRT1;2
TFDRTC;0
TFDRTE;0
TFDRUS;0
TFDRYA;1
TFDRZX;2
TFDS05;0
TFDS21;0
TFDS35;2
TFDS53;0
TFDS54;3
TFDS65;2
TFDS71;2
TFDS74;2
TFDS77;1
TFDS80;0
TFDS88;0
TFDS95;2
TFDSA7;0
TFDSAF;0
TFDSAL;0
TFDSAR;0
TFDSB5;2
TFDSCV;0
TFDSDN;2
TFDSE7;1
TFDSEL;0
TFDSG2;1
TFDSGL;1
TFDSHA;0
TFDSHG;0
TFDSHT;1
TFDSIO;2
TFDSIP;0
TFDSJO;2
TFDSKA;1
TFDSLE;0
TFDSLI;1
TFDSLK;0
TFDSM6;2
TFDSM8;1
TFDSMK;0
TFDSML;0
TFDSN8;3
TFDSNB;0
TFDSPM;2
TFDSSE;0
TFDSZ4;0
TFDTH9;0
TFDTIP;0
TFDTJC;2
TFDTJE;3
TFDTJV;2
TFDTJW;0
TFDTK3;0
TFDTKU;1
TFDTL6;2
TFDTLN;2
TFDTMG;0
TFDTMJ;2
TFDTMV;0
TFDTNT;0
TFDTOD;0
TFDTOX;2
TFDTP2;1
TFDTPY;1
TFDTQ0;0
TFDTQ4;0
TFDTQO;0
TFDTQS;4
TFDTR7;0
TFDTRI;2
TFDTRQ;0
TFDTS1;2
TFDTS2;0
TFDTS5;0
TFDTSB;0
TFDTSS;2
TFDTU8;1
TFDTVN;0
TFDTY3;1
TFDTY4;0
TFDTYP;0
TFDTYQ;1
TFDTZ0;1
TFDTZU;2
TFDU41;0
TFDU45;2
TFDU58;0
TFDU70;1
TFDU80;0
TFDU84;0
TFDU86;0
TFDU93;0
TFDUAR;1
TFDUB2;0
TFDUBB;2
TFDUCT;1
TFDUEW;0
TFDUGN;0
TFDUGW;1
TFDUHU;0
TFDUJD;1
TFDUKX;2
TFDUL9;0
TFDUMJ;1
TFDUMU;0
TFDUNC;2
TFDUOG;0
TFDUP0;2
TFDUP5;0
TFDUPG;0
TFDUPO;1
TFDUQA;0
TFDUQD;0
TFDUQH;0
TFDUQJ;2
TFDUR1;2
TFDURW;2
TFDUSI;0
TFDUSS;2
TFDUTI;2
TFDUTZ;0
TFDUUO;0
TFDUVB;0
TFDUWH;1
TFDUXW;0
TFDUY1;0
TFDUYI;0
TFDUZI;0
TFDUZR;0
TFDV48;0
TFDV54;0
TFDV91;0
TFDVA4;2
TFDVAH;2
TFDVB4;2
TFDVB6;0
TFDVCE;2
TFDVD8;0
TFDVDF;3
TFDVE2;2
TFDVFF;1
TFDVGK;2
TFDVHC;3
TFDVHV;2
TFDVHX;2
TFDVI2;1
TFDVIM;0
TFDVJ7;1
TFDVJD;1
TFDVK3;2
TFDVK4;0
TFDVK8;2
TFDVKE;0
TFDVKM;0
TFDVL8;0
TFDVLX;1
TFDVM0;0
TFDVMR;2
TFDVOL;0
TFDVPL;3
TFDVQ7;0
TFDVRL;0
TFEBF9;0
TFEBKG;0
TFEBLG;2
TFEBLO;0
TFEBLV;2
TFEBM6;0
TFEBMF;0
TFEBNH;0
TFEBNU;0
TFEBO6;3
TFEBOH;4
TFEBPJ;3
TFEBPL;3
TFEBQ6;3
TFEBQE;3
TFEBR2;0
TFEBRF;2
TFEBS5;2
TFEBS7;0
TFEBTA;0
TFEBWO;0
TFEBZ4;0
TFEC03;2
TFEC45;0
TFEC85;0
TFEC92;0
TFECAI;0
TFECAJ;2
TFECAS;0
TFECB0;0
TFECBJ;3
TFECBT;0
TFECGP;0
TFECH8;0
TFECH9;3
TFECIN;0
TFECKS;2
TFECO8;2
TFECPW;2
TFECQ5;2
TFECQ6;0
TFECRP;0
TFECRV;0
TFECUT;0
TFECV1;0
TFECV2;0
TFECW2;0
TFECW9;2
TFECWD;0
TFECWL;0
TFECWY;0
TFECYG;0
TFED07;0
TFEDDC;0
TFEDDS;0
TFEDEG;0
TFEDEH;0
TFEDEU;3
TFEDFX;0
TFEDGE;0
TFEDGG;0
TFEDGP;0
TFEDGY;0
TFEDH1;0
TFEDH3;0
TFEDHK;0
TFEDHL;2
TFEDHY;2
TFEDI0;0
TFEDIF;0
TFEDIK;2
TFEDIS;0
TFEDIU;2
TFEDIV;0
TFEDJ6;2
TFEDJG;3
TFEDMO;0
TFEDSS;2
TFEDWL;2
TFEDZO;2
TFEDZU;2
TFEE01;2
TFEE13;3
TFEE28;2
TFEE29;0
TFEE30;4
TFEE44;0
TFEE47;0
TFEEAA;2
TFEEEH;0
